C,#,Name,Last name(s),Registered,Gender,Age,Type,Group,Expiry,Signature,DNI scan
0,0W1,0rhys darnell,warner,10-10-2021,Male,29,,Socio,,No,Yes
0,0W2,0rhys darnell,warner,10-10-2021,Male,29,,Socio,,No,No
0,AA1,Alex,Almost Lucas,17-02-2021,Male,34,,Socio,,No,Yes
0,AA10,ameen,ahnien,06-06-2021,Male,25,,Socio,,No,Yes
0,AA100,andrei,antonescu,14-03-2024,Male,34,,Socio,,No,Yes
0,AA101,Alex James,Ashcroft,14-03-2024,Male,35,,Socio,,No,Yes
0,AA102,ADAM DANIEL,ATKINS,14-03-2024,Male,31,Medical,Socio,,No,Yes
0,AA103,AMANDEEP,AHLUWALIA,19-03-2024,Male,44,Medical,Socio,,No,Yes
0,AA104,aisha,altaf,24-03-2024,Female,36,,Socio,,No,Yes
0,AA105,ALAN,ASAAD,05-04-2024,Male,23,Medical,Socio,,No,Yes
0,AA106,ADRIANA ALEJANDRA,ARRATIA,10-04-2024,Female,25,,Socio,,No,Yes
0,AA107,ALI,ASGHAR,13-04-2024,Male,29,,Socio,,No,Yes
0,AA108,ALI,ASGHAR,13-04-2024,Male,29,,Socio,,No,No
0,AA109,AHIZI JEAN DAVID,AMGBORE,19-04-2024,Male,20,,Socio,,No,Yes
0,AA11,Aaron,Ammoshaddai,17-06-2021,Male,31,,Socio,,No,Yes
0,AA110,ALI ABDULLAH S,ALSHAMRANI,20-04-2024,Male,28,Medical,Socio,,No,Yes
0,AA111,ABDULLAH ALI A,ALAMRI,20-04-2024,Male,29,Medical,Socio,,No,Yes
0,AA112,ABDULLAH,AL SALHI,21-04-2024,Male,32,Medical,Socio,,No,Yes
0,AA113,AMMAR,ABDULATI,19-06-2024,Male,32,Medical,Socio,,No,Yes
0,AA114,ABDINASIR FARHAN,ALI,26-07-2024,Male,27,Medical,Socio,,No,Yes
0,AA115,AHMED,ABDULLAH,09-09-2024,Male,24,Medical,Socio,,No,No
0,AA116,ANDRES,ARANGO,21-09-2024,Male,29,,Socio,,No,Yes
0,AA117,ANTONIO,ASLLANI,14-11-2024,Male,26,,Socio,,No,Yes
0,AA118,AMINA,ADDMOUM DJEBLAHI,16-12-2024,Female,20,Medical,Socio,,No,Yes
0,AA119,ANWAR,AZZOUZI,18-12-2024,Male,26,,Socio,,No,Yes
0,AA12,adrian,arjona figueroa,07-07-2021,Male,24,,Socio,,No,Yes
0,AA120,ALI,AGIRBAS,28-12-2024,Male,40,,Socio,,No,Yes
0,AA121,ALEIX,AVILA RENDON,09-01-2025,Male,32,,Socio,,No,Yes
0,AA122,ABDUR RASHEED OLADIPO,AWOBODU,13-01-2025,Male,27,,Socio,,No,No
0,AA123,AHMED ABBAS,ALYACOBAY,13-01-2025,Male,21,,Socio,,No,Yes
0,AA124,ATIF,ANWAR,18-01-2025,Male,33,,Socio,,No,Yes
0,AA125,AINHOA,ALBESA LECHADO,12-02-2025,Female,22,,Socio,,No,Yes
0,AA126,AMIN ABDULLAH,ASSADI,13-02-2025,Male,25,,Socio,,No,Yes
0,AA127,ADELEKE OLUWATOFUNMI,AWOMUTI,14-03-2025,Male,20,,Socio,,No,Yes
0,AA128,ADAM MARK,AXFORD,14-03-2025,Male,34,Medical,Socio,,No,Yes
0,AA129,ALA ABDULLAH,ABDULRAB,02-04-2025,Male,20,,Socio,,No,Yes
0,AA13,akash,ali,24-07-2021,Male,32,,Socio,,No,Yes
0,AA130,AMINAT OLUWATOBI ADETOKUNBO,ABAYOMI,07-04-2025,Female,30,Medical,Socio,,No,Yes
0,AA131,ADEEL,AHMAD,16-04-2025,Male,32,,Socio,,No,Yes
0,AA132,ALEX,ANTEQUERA PEREZ,20-04-2025,Male,25,Medical,Socio,,No,Yes
0,AA133,AISHA,AMJED,01-05-2025,Female,30,,Socio,,No,Yes
0,AA134,ALEJANDRO,ADROVER MAYORAL,02-05-2025,Male,26,Medical,Socio,,No,Yes
0,AA135,ADRIAN,ALVAREZ VILCHEZ,05-05-2025,Male,23,,Socio,,No,Yes
0,AA136,AMAR,ABDEL LAH,06-05-2025,Male,32,Medical,Socio,,No,Yes
0,AA14,ALIREZA,ASADI,11-08-2021,Male,23,,Socio,,No,Yes
0,AA15,ALEXANDRU DODU,ANDREI,18-08-2021,Male,24,,Socio,,No,Yes
0,AA16,ABDINASIR,ABDIWAHUD,21-08-2021,Male,22,,Socio,,No,Yes
0,AA17,arie haemin,aziz,30-08-2021,Male,36,,Socio,,No,Yes
0,AA18,AMAN,AMIN,05-09-2021,Male,22,,Socio,,No,Yes
0,AA19,ABDUR-RASHEED OLADIPO,AWOBODU,14-09-2021,Male,27,,Socio,,No,Yes
0,AA2,Alberto,Alvarado diaz,20-02-2021,Male,29,,Socio,,Yes,Yes
0,AA20,Alicia,Ayala llorens,17-09-2021,Male,43,,Socio,,No,Yes
0,AA21,abdulaziz,alqahtani,24-09-2021,Male,32,,Socio,,No,Yes
0,AA22,ABU - GAZALEH,Ali Jalal,27-09-2021,Male,21,,Socio,,No,Yes
0,AA23,AMAR,ASHRAF,11-10-2021,Male,35,,Socio,,No,Yes
0,AA24,ABUBAKR,ADREES,24-11-2021,Male,26,,Socio,,No,Yes
0,AA25,ALBERTO,ALAMILLA OLIART,24-11-2021,Male,22,,Socio,,No,Yes
0,AA26,AINHOA,ABOAL MALLEA,07-12-2021,Female,25,,Socio,,No,Yes
0,AA27,ALFONSO EDUARDO,ALAMILLA OLIART,21-12-2021,Male,25,,Socio,,No,Yes
0,AA28,ALBA,AMOROS SAMPER,07-01-2022,Female,35,,Socio,,No,Yes
0,AA29,ADAM,andrew james,14-01-2022,Male,23,,Socio,,No,No
0,AA3,ariadna,avila ventura,04-03-2021,Female,33,,Socio,,No,Yes
0,AA30,ABISH CAROLINE,ARRIAGADA,27-01-2022,Female,33,,Socio,,No,Yes
0,AA31,antony steven,amey,15-02-2022,Male,29,,Socio,,No,Yes
0,AA32,ANTREAS,APLAS,11-03-2022,Male,32,,Socio,,No,Yes
0,AA33,ARRA ANJEZA,ANJEZA,11-03-2022,Female,26,,Socio,,No,Yes
0,AA34,ALEXANDROS,ANDREADIS,12-03-2022,Male,35,,Socio,,No,No
0,AA35,azain,afzal,18-04-2022,Male,25,,Socio,,No,Yes
0,AA36,ABDELKRIM,ATTAR,21-04-2022,Male,30,,Socio,,No,Yes
0,AA37,AMELIA,ASHER,26-04-2022,Female,23,,Socio,,No,Yes
0,AA38,ADRIA,ANTON LARA,30-04-2022,Male,21,,Socio,,No,Yes
0,AA4,ariadna,avila ventura,04-03-2021,Female,33,,Socio,,No,Yes
0,AA40,AHMET,ARAPKASAP,27-05-2022,Male,36,,Socio,,No,Yes
0,AA41,ALI,AL-HASNAWI,11-06-2022,Male,23,,Socio,,No,Yes
0,AA42,anas abdel,alleimon,23-06-2022,Male,41,,Socio,,No,Yes
0,AA43,ALI,ASLAN,26-06-2022,Male,25,,Socio,,No,Yes
0,AA44,ASIF ZIA,AZAM,01-07-2022,Male,31,,Socio,,No,Yes
0,AA45,ALBERT,ANTHONY,10-07-2022,Male,21,,Socio,,No,Yes
0,AA46,AMIR,ANWAR,22-07-2022,Male,36,,Socio,,No,Yes
0,AA47,ALEXANDRA,ANDINO,23-07-2022,Female,31,,Socio,,No,Yes
0,AA48,ALFREDO,AGUILAR,21-09-2022,Male,41,,Socio,,No,Yes
0,AA49,ALI,AVARZAMANI,25-09-2022,Male,41,,Socio,,No,Yes
0,AA5,afzal,ahmed,23-03-2021,Male,46,,Socio,,No,Yes
0,AA50,AMIN,ABUSALEM,02-11-2022,Male,27,,Socio,,No,Yes
0,AA51,ALBA,ARAGUZ,10-11-2022,Female,36,,Socio,,No,Yes
0,AA52,ANTREAS,APLAS,06-12-2022,Male,34,,Socio,,No,Yes
0,AA53,ADAM,AOUADI,07-12-2022,Male,21,,Socio,,No,Yes
0,AA54,ADAM,ASHRAF,09-12-2022,Male,22,,Socio,,No,Yes
0,AA55,ALEX ALFREDO,ARANDIA ZARATE,14-12-2022,,22,,Socio,,No,Yes
0,AA56,ABDUL,AZEEZ IDRIS,26-12-2022,Male,24,,Socio,,No,Yes
0,AA57,ANDER AKSEL,ACOSTA ALMACHE,21-01-2023,Male,20,,Socio,,No,Yes
0,AA58,ANDREAS,ANAYIOTOU,21-01-2023,Male,45,,Socio,,No,Yes
0,AA59,AMALY,alfi,06-02-2023,Female,33,,Socio,,No,Yes
0,AA6,Ali,Asad,14-05-2021,Male,31,,Socio,,No,Yes
0,AA60,ALI,ASIF,23-02-2023,Male,32,,Socio,,No,Yes
0,AA61,alexander,anderson,03-03-2023,Male,21,,Socio,,No,Yes
0,AA62,antonio,acosta,05-03-2023,Male,23,,Socio,,No,Yes
0,AA63,ADRIAN,ANDRES,08-03-2023,Male,26,,Socio,,No,Yes
0,AA64,ADEN,AHMED,09-03-2023,Male,35,,Socio,,No,Yes
0,AA65,Aiden Logan,Anderson,10-03-2023,,29,,Socio,,No,Yes
0,AA66,STEFAN,ADJEI,14-04-2023,Male,28,,Socio,,No,Yes
0,AA67,aqib,AKHTAR,23-04-2023,Male,27,,Socio,,No,Yes
0,AA68,ANA MARIA,ARMESTO SORIA,26-04-2023,Female,22,,Socio,,No,Yes
0,AA69,AFNAN,AL-RAHAMAN,10-05-2023,Male,25,,Socio,,No,Yes
0,AA7,ALI,ABDISALAN,27-05-2021,Male,25,,Socio,,No,Yes
0,AA70,ARRIENS GARCIA,AMARANTA URSULA,15-05-2023,Female,30,,Socio,,No,Yes
0,AA71,aako,ali,24-05-2023,Male,37,,Socio,,No,Yes
0,AA72,ADRIAN,aguilera,27-05-2023,Male,20,,Socio,,No,Yes
0,AA73,ALESSIO,ANTONUCCI,27-05-2023,Male,48,,Socio,,No,Yes
0,AA74,ASIER,ALBURQUERQUE ALVAREZ,02-06-2023,Male,24,,Socio,,No,Yes
0,AA75,AKHRIF EL AROUSSI,AYMAN,12-06-2023,Male,20,,Socio,,No,Yes
0,AA76,ABDE RRAHIM,AIT KHAYI,18-06-2023,Male,27,,Socio,,No,Yes
0,AA77,ARIANA,AMINIAN,26-06-2023,Female,22,Medical,Socio,,No,Yes
0,AA78,ANDRE PETER,ALLEN,02-07-2023,Male,50,,Socio,,No,Yes
0,AA79,AKIM JULIEN,AKSIL,13-07-2023,Male,46,,Socio,,No,Yes
0,AA8,ANGEL,ALONSO RODRIGUEZ,04-06-2021,Male,36,,Socio,,No,Yes
0,AA80,ASFAND YAR,ABBASI,14-07-2023,Male,31,,Socio,,No,Yes
0,AA81,AGASSI,ADUSINA,25-07-2023,Male,32,,Socio,,No,Yes
0,AA82,ALI,AMAAN,04-08-2023,Male,24,,Socio,,No,Yes
0,AA83,ALI,AQIB,19-08-2023,Male,27,,Socio,,No,Yes
0,AA84,ADAM CRISTOPHER,ALVAREZ,23-08-2023,Male,39,,Socio,,No,Yes
0,AA85,ANASTASIA,allen,25-08-2023,Female,25,,Socio,,No,Yes
0,AA86,ALI,AKRAAM,06-09-2023,Male,27,,Socio,,No,Yes
0,AA87,ABDIRAHMAN,AHMED,10-09-2023,Male,21,Medical,Socio,,No,Yes
0,AA88,AAQIL MUHAMMAD ALI HOSSEN,ABDOOL,06-10-2023,Male,35,,Socio,,No,Yes
0,AA89,AFNNAN,AL ASSADI,13-10-2023,Female,26,,Socio,,No,Yes
0,AA9,arcane,ata mithat,06-06-2021,Male,24,,Socio,,No,Yes
0,AA90,AYMAN,ALI,21-11-2023,Male,23,,Socio,,No,Yes
0,AA91,AHMED,ASSOU,14-12-2023,Male,20,,Socio,,No,Yes
0,AA92,ADEM,ALTUNDAL,10-01-2024,Male,23,,Socio,,No,Yes
0,AA93,ADAM,ACOSTA AGUILAR,20-01-2024,Male,19,,Socio,,No,Yes
0,AA94,ALL AMIN,AHMED,26-01-2024,Male,26,,Socio,,No,Yes
0,AA95,ANDRE,ARCONES PADAYATCHI,27-01-2024,Male,22,Medical,Socio,,No,Yes
0,AA96,ALI,AL-HASNAWI,05-02-2024,Male,23,,Socio,,No,No
0,AA97,ADAM PIERRE ANDRE,AIMARD,10-02-2024,Male,20,,Socio,,No,Yes
0,AA98,AGUSTINA PAULA,ALONSO,01-03-2024,Female,35,Medical,Socio,,No,Yes
0,AA99,ana paola,aldana lopez,12-03-2024,Female,26,Medical,Socio,,No,Yes
0,AB1,Achraf,Ben Abdelkrim,13-02-2021,,40,,Socio,,Yes,Yes
0,AB10,ALFIE,BAINES,28-08-2021,Male,23,,Socio,,No,Yes
0,AB100,ARIS STEFAN,BUJOR,21-04-2024,Male,20,,Socio,,No,No
0,AB101,alfie,brewer,27-04-2024,Male,26,Medical,Socio,,No,Yes
0,AB102,AUBREY LYNN,BERG,11-05-2024,Female,33,,Socio,,No,Yes
0,AB103,ASHLEY LUKE CRAIG,BACK,17-05-2024,Male,31,,Socio,,No,Yes
0,AB104,ASHLEY LUKE CRAIG,BACK,17-05-2024,Male,31,,Socio,,No,No
0,AB105,ASHLEY LUKE CRAIG,BACK,17-05-2024,Male,31,,Socio,,No,No
0,AB106,ASHLEY LUKE CRAIG,BACK,17-05-2024,Male,31,,Socio,,No,No
0,AB107,ASHLEY MARK,BARLOW,18-05-2024,Male,39,,Socio,,No,Yes
0,AB108,ARCHIE PAUL,BERNARD,26-06-2024,Male,21,,Socio,,No,Yes
0,AB109,ANDREW MICHAEL,BENYON,19-07-2024,Male,28,,Socio,,No,Yes
0,AB11,ahmed,bhuta,12-09-2021,Male,32,,Socio,,No,Yes
0,AB110,adedoyin oluwatosin,balogun,20-07-2024,Male,31,Medical,Socio,,No,Yes
0,AB111,adam john,baxter,19-08-2024,Male,22,,Socio,,No,Yes
0,AB112,ARCHIE,BEATTIE,23-08-2024,Male,28,,Socio,,No,Yes
0,AB113,ALICE MAY,BLOMELEY,30-08-2024,Female,23,Medical,Socio,,No,Yes
0,AB114,ADAM JOSEPH,BAINBRIDGE,02-09-2024,Male,31,,Socio,,No,Yes
0,AB115,ANDREW WILLIAM,Black,17-10-2024,,24,,Socio,,No,Yes
0,AB116,ANDREW WILLIAM,Black,17-10-2024,,24,,Socio,,No,No
0,AB117,AMY LOUISE,BEESLEY,27-10-2024,Female,25,,Socio,,No,No
0,AB118,ALEX ANDREW DAVID,BELL,28-10-2024,Male,23,,Socio,,No,Yes
0,AB119,ANDREA,BLAZQUEZ SANABRIA,29-10-2024,Female,22,Medical,Socio,,No,Yes
0,AB12,AARON,BENNETT-LANT,27-09-2021,Male,25,,Socio,,No,Yes
0,AB120,ALEXANDER,BORTFELD,25-11-2024,Male,43,Medical,Socio,,No,Yes
0,AB121,ANDREA,BARBARA,04-12-2024,Male,34,,Socio,,No,Yes
0,AB122,ALBERTO,BOSCH REQUENA,04-12-2024,Male,31,,Socio,,No,Yes
0,AB123,ALISHA ANTONIA,BREWSTER,05-12-2024,Female,36,,Socio,,No,Yes
0,AB124,ANGELINA,BAGHDASARYAN,05-12-2024,Female,19,,Socio,,No,Yes
0,AB125,ALESSANDRA,BARILE,10-12-2024,Female,28,,Socio,,No,Yes
0,AB126,AMARI ISAIAH,BECKFORD,13-12-2024,Male,23,,Socio,,No,Yes
0,AB127,ABI ANNE,BRITISH CITIZEN,07-01-2025,Female,20,,Socio,,No,Yes
0,AB128,ALEXANDER,BEHRE,12-01-2025,Male,47,,Socio,,No,Yes
0,AB129,AIDAN,BURKE,23-01-2025,,33,,Socio,,No,Yes
0,AB13,ABU GAZALEH,Basem Jalal,27-09-2021,Male,23,,Socio,,No,Yes
0,AB130,AITANA,BRIONES TRIVINO,29-01-2025,Female,19,,Socio,,No,Yes
0,AB131,ALAN,BARBERA ELIAS,08-02-2025,Male,31,,Socio,,No,Yes
0,AB132,ALEXANDRU,BADEA,10-02-2025,Male,19,,Socio,,No,Yes
0,AB133,Albert,Berg,04-03-2025,Male,34,,Socio,,No,Yes
0,AB134,ALEX,BURROUGHS,05-03-2025,Male,24,,Socio,,No,Yes
0,AB135,Alexander,Baldin,12-03-2025,Male,33,,Socio,,No,Yes
0,AB136,ANDREWS,BYER,13-03-2025,Male,30,Medical,Socio,,No,Yes
0,AB137,ALEX JORDAN DANNY,BURROUGHS,15-03-2025,Male,24,,Socio,,No,Yes
0,AB138,andrew michael,banks,15-03-2025,Male,26,Medical,Socio,,No,Yes
0,AB139,antony joseph,baldock,15-03-2025,Male,39,Medical,Socio,,No,Yes
0,AB14,akeem bandele,blake,13-10-2021,Male,24,,Socio,,No,Yes
0,AB140,ANDREW PAUL,BYTZ,15-03-2025,Male,42,,Socio,,No,Yes
0,AB141,AUSTIN MICHAEL,BROWN FIELD,16-03-2025,Male,29,,Socio,,No,Yes
0,AB142,ANGEL,BERDUN BELANDO,20-03-2025,Male,18,Medical,Socio,,No,Yes
0,AB143,AARON LUKAS,BERAN,24-03-2025,Male,25,,Socio,,No,Yes
0,AB144,AARON BENJAMIN,BASSI,31-03-2025,Male,29,,Socio,,No,Yes
0,AB145,AYOUB,BOUHADDOUZ,01-05-2025,Male,19,,Socio,,No,Yes
0,AB15,ANTONIO,BARBIERI,09-11-2021,Male,32,,Socio,,No,Yes
0,AB16,alaska,benavides pe√±a,20-11-2021,Female,22,,Socio,,No,Yes
0,AB17,ariel joan,bissene,12-01-2022,Male,22,,Socio,,No,Yes
0,AB18,ALEX,BARRY,10-03-2022,Female,43,,Socio,,No,Yes
0,AB19,ABDULMALIK,BABA ALLI,12-03-2022,Male,26,,Socio,,No,Yes
0,AB2,AMANDA GRAZIELLE,BARBOSA PADILHA,20-02-2021,Female,30,,Socio,,No,Yes
0,AB20,ANGEL,BACARDIT I PINEDA,12-03-2022,Male,25,,Socio,,No,Yes
0,AB21,ALEXANDER,BUSHBY,13-03-2022,Male,22,,Socio,,No,Yes
0,AB22,AMORI SHAKA,BWASHI,11-04-2022,Male,26,,Socio,,No,Yes
0,AB23,andros,barroso alonso,21-04-2022,Male,48,,Socio,,No,Yes
0,AB24,AJAY KUMAR,BHANOT,26-05-2022,Male,27,,Socio,,No,Yes